"Domain","Country","Revenue","Page View","Page View RPM","IMP","IMP RPM","Click","Ad Request","Matched Rate","CTR","CPC","Page View CTR","Matched  Request"
"rblxgo132.freecase24.com","United States","$0.08","524","$0.15","43","$1.86","6","519","45.28%","13.95%","$0.01","1.15%","168"
"rblxgo132.freecase24.com","Portugal","$0.02","52","$0.38","44","$0.45","1","93","63.64%","2.27%","$0.02","1.92%","69"
"rblxgo132.freecase24.com","Germany","$0.02","5","$4.00","8","$2.50","0","12","100.00%","0.00%","$0.00","0.00%","12"
"rblxgo132.freecase24.com","Netherlands","$0.01","16","$0.63","15","$0.67","0","31","50.00%","0.00%","$0.00","0.00%","21"
"rblxgo132.freecase24.com","Lithuania","$0.01","4","$2.50","7","$1.43","0","12","100.00%","0.00%","$0.00","0.00%","12"
"rblxgo132.freecase24.com","Brazil","$0.01","298","$0.03","13","$0.77","4","281","8.73%","30.77%","$0.00","1.34%","17"
"rblxgo132.freecase24.com","Bulgaria","$0.01","28","$0.36","27","$0.37","2","49","75.00%","7.41%","$0.01","7.14%","40"
"rblxgo132.freecase24.com","Trinidad &amp; Tobago","$0.00","2","$0.00","0","$0.00","0","1","0.00%","0.00%","$0.00","0.00%","0"
"rblxgo132.freecase24.com","North Macedonia","$0.00","3","$0.00","0","$0.00","0","1","0.00%","0.00%","$0.00","0.00%","0"
"rblxgo132.freecase24.com","Guinea","$0.00","18","$0.00","0","$0.00","0","22","0.00%","0.00%","$0.00","0.00%","0"
"rblxgo132.freecase24.com","Bolivia","$0.00","1","$0.00","0","$0.00","0","1","0.00%","0.00%","$0.00","0.00%","0"
"rblxgo132.freecase24.com","Libya","$0.00","28","$0.00","1","$0.00","0","48","1.66%","0.00%","$0.00","0.00%","1"
"rblxgo132.freecase24.com","Cote d'Ivoire","$0.00","10","$0.00","0","$0.00","0","10","0.00%","0.00%","$0.00","0.00%","0"
"rblxgo132.freecase24.com","Senegal","$0.00","15","$0.00","0","$0.00","0","16","0.00%","0.00%","$0.00","0.00%","0"
"rblxgo132.freecase24.com","Türkiye","$0.00","88","$0.00","4","$0.00","3","76","10.94%","75.00%","$0.00","3.41%","6"
"rblxgo132.freecase24.com","Pakistan","$0.00","188","$0.00","3","$0.00","3","334","1.38%","100.00%","$0.00","1.60%","6"
"rblxgo132.freecase24.com","Honduras","$0.00","49","$0.00","0","$0.00","1","41","0.00%","0.00%","$0.00","2.04%","0"
"rblxgo132.freecase24.com","Bosnia and Herzegovina","$0.00","8","$0.00","0","$0.00","0","8","0.00%","0.00%","$0.00","0.00%","0"
"rblxgo132.freecase24.com","Madagascar","$0.00","5","$0.00","0","$0.00","0","6","0.00%","0.00%","$0.00","0.00%","0"
"rblxgo132.freecase24.com","Cuba","$0.00","2","$0.00","0","$0.00","0","1","0.00%","0.00%","$0.00","0.00%","0"
"rblxgo132.freecase24.com","Albania","$0.00","31","$0.00","1","$0.00","0","41","4.90%","0.00%","$0.00","0.00%","2"
"rblxgo132.freecase24.com","Sint Maarten","$0.00","4","$0.00","0","$0.00","0","5","0.00%","0.00%","$0.00","0.00%","0"
"rblxgo132.freecase24.com","Ukraine","$0.00","5","$0.00","0","$0.00","0","4","0.00%","0.00%","$0.00","0.00%","0"
"rblxgo132.freecase24.com","Panama","$0.00","23","$0.00","0","$0.00","1","20","0.00%","0.00%","$0.00","4.35%","0"
"rblxgo132.freecase24.com","India","$0.00","511","$0.00","10","$0.00","5","708","11.82%","50.00%","$0.00","0.98%","85"
"rblxgo132.freecase24.com","British Virgin Islands","$0.00","9","$0.00","2","$0.00","0","8","26.66%","0.00%","$0.00","0.00%","2"
"rblxgo132.freecase24.com","Somalia","$0.00","3","$0.00","0","$0.00","0","14","21.43%","0.00%","$0.00","0.00%","3"
"rblxgo132.freecase24.com","Martinique","$0.00","7","$0.00","4","$0.00","0","11","75.00%","0.00%","$0.00","0.00%","9"
"rblxgo132.freecase24.com","Djibouti","$0.00","12","$0.00","0","$0.00","1","12","0.00%","0.00%","$0.00","8.33%","0"
"rblxgo132.freecase24.com","Andorra","$0.00","26","$0.00","3","$0.00","0","32","12.28%","0.00%","$0.00","0.00%","3"
"rblxgo132.freecase24.com","Peru","$0.00","38","$0.00","2","$0.00","5","51","8.39%","250.00%","$0.00","13.16%","4"
"rblxgo132.freecase24.com","Iraq","$0.00","481","$0.00","7","$0.00","3","863","0.65%","42.86%","$0.00","0.62%","8"
"rblxgo132.freecase24.com","Burkina Faso","$0.00","6","$0.00","0","$0.00","2","5","0.00%","0.00%","$0.00","33.33%","0"
"rblxgo132.freecase24.com","South Korea","$0.00","9","$0.00","1","$0.00","0","16","4.16%","0.00%","$0.00","0.00%","1"
"rblxgo132.freecase24.com","Mauritius","$0.00","17","$0.00","0","$0.00","3","20","0.00%","0.00%","$0.00","17.65%","0"
"rblxgo132.freecase24.com","Ecuador","$0.00","8","$0.00","0","$0.00","0","8","25.00%","0.00%","$0.00","0.00%","1"
"rblxgo132.freecase24.com","Argentina","$0.00","25","$0.00","3","$0.00","1","25","15.00%","33.33%","$0.00","4.00%","4"
"rblxgo132.freecase24.com","Cambodia","$0.00","12","$0.00","0","$0.00","0","19","0.00%","0.00%","$0.00","0.00%","0"
"rblxgo132.freecase24.com","Uzbekistan","$0.00","65","$0.00","5","$0.00","0","85","10.87%","0.00%","$0.00","0.00%","10"
"rblxgo132.freecase24.com","Poland","$0.00","1","$0.00","0","$0.00","0","0","0.00%","0.00%","$0.00","0.00%","0"
"rblxgo132.freecase24.com","Italy","$0.00","17","$0.00","15","$0.00","0","33","36.96%","0.00%","$0.00","0.00%","17"
"rblxgo132.freecase24.com","Suriname","$0.00","1","$0.00","0","$0.00","0","0","0.00%","0.00%","$0.00","0.00%","0"
"rblxgo132.freecase24.com","Montenegro","$0.00","5","$0.00","1","$0.00","0","5","25.00%","0.00%","$0.00","0.00%","1"
"rblxgo132.freecase24.com","Estonia","$0.00","6","$0.00","1","$0.00","0","6","50.00%","0.00%","$0.00","0.00%","1"
"rblxgo132.freecase24.com","Azerbaijan","$0.00","9","$0.00","5","$0.00","0","14","34.62%","0.00%","$0.00","0.00%","9"
"rblxgo132.freecase24.com","Cayman Islands","$0.00","5","$0.00","0","$0.00","0","4","0.00%","0.00%","$0.00","0.00%","0"
"rblxgo132.freecase24.com","Vietnam","$0.00","13","$0.00","0","$0.00","1","19","0.00%","0.00%","$0.00","7.69%","0"
"rblxgo132.freecase24.com","Puerto Rico","$0.00","10","$0.00","1","$0.00","1","10","25.00%","100.00%","$0.00","10.00%","1"
"rblxgo132.freecase24.com","Japan","$0.00","4","$0.00","0","$0.00","0","4","0.00%","0.00%","$0.00","0.00%","0"
"rblxgo132.freecase24.com","Tanzania","$0.00","25","$0.00","0","$0.00","0","28","0.00%","0.00%","$0.00","0.00%","0"
"rblxgo132.freecase24.com","Myanmar (Burma)","$0.00","20","$0.00","0","$0.00","0","36","0.00%","0.00%","$0.00","0.00%","0"
"rblxgo132.freecase24.com","French Guiana","$0.00","1","$0.00","1","$0.00","0","1","100.00%","0.00%","$0.00","0.00%","1"
"rblxgo132.freecase24.com","Bangladesh","$0.00","486","$0.00","11","$0.00","9","868","1.43%","81.82%","$0.00","1.85%","17"
"rblxgo132.freecase24.com","Chile","$0.00","8","$0.00","2","$0.00","0","6","50.00%","0.00%","$0.00","0.00%","3"
"rblxgo132.freecase24.com","Zimbabwe","$0.00","6","$0.00","1","$0.00","0","7","16.66%","0.00%","$0.00","0.00%","1"
"rblxgo132.freecase24.com","Republic of the Congo","$0.00","8","$0.00","0","$0.00","0","8","0.00%","0.00%","$0.00","0.00%","0"
"rblxgo132.freecase24.com","Kazakhstan","$0.00","9","$0.00","1","$0.00","0","9","7.14%","0.00%","$0.00","0.00%","1"
"rblxgo132.freecase24.com","The Bahamas","$0.00","3","$0.00","0","$0.00","0","3","0.00%","0.00%","$0.00","0.00%","0"
"rblxgo132.freecase24.com","Gambia","$0.00","8","$0.00","0","$0.00","0","14","7.14%","0.00%","$0.00","0.00%","1"
"rblxgo132.freecase24.com","Belarus","$0.00","13","$0.00","0","$0.00","0","12","0.00%","0.00%","$0.00","0.00%","0"
"rblxgo132.freecase24.com","Kosovo","$0.00","5","$0.00","0","$0.00","0","4","0.00%","0.00%","$0.00","0.00%","0"
"rblxgo132.freecase24.com","Congo - Brazzaville","$0.00","6","$0.00","1","$0.00","1","9","11.11%","100.00%","$0.00","16.67%","1"
"rblxgo132.freecase24.com","São Tomé &amp; Príncipe","$0.00","4","$0.00","1","$0.00","0","12","8.33%","0.00%","$0.00","0.00%","1"
"rblxgo132.freecase24.com","Togo","$0.00","10","$0.00","2","$0.00","0","10","31.25%","0.00%","$0.00","0.00%","2"
"rblxgo132.freecase24.com","Nigeria","$0.00","10","$0.00","3","$0.00","0","12","21.43%","0.00%","$0.00","0.00%","3"
"rblxgo132.freecase24.com","Ghana","$0.00","2","$0.00","1","$0.00","0","2","50.00%","0.00%","$0.00","0.00%","1"
"rblxgo132.freecase24.com","Bermuda","$0.00","1","$0.00","0","$0.00","0","1","100.00%","0.00%","$0.00","0.00%","1"
"rblxgo132.freecase24.com","Lebanon","$0.00","42","$0.00","3","$0.00","0","62","4.84%","0.00%","$0.00","0.00%","3"
"rblxgo132.freecase24.com","Costa Rica","$0.00","9","$0.00","0","$0.00","0","9","40.00%","0.00%","$0.00","0.00%","4"
"rblxgo132.freecase24.com","Saudi Arabia","$0.00","79","$0.00","2","$0.00","3","67","10.00%","150.00%","$0.00","3.80%","3"
"rblxgo132.freecase24.com","Trinidad and Tobago","$0.00","14","$0.00","0","$0.00","0","14","0.00%","0.00%","$0.00","0.00%","0"
"rblxgo132.freecase24.com","Oman","$0.00","43","$0.00","2","$0.00","1","52","3.84%","50.00%","$0.00","2.33%","2"
"rblxgo132.freecase24.com","Haiti","$0.00","15","$0.00","0","$0.00","0","16","0.00%","0.00%","$0.00","0.00%","0"
"rblxgo132.freecase24.com","Bosnia &amp; Herzegovina","$0.00","1","$0.00","0","$0.00","1","0","0.00%","0.00%","$0.00","100.00%","0"
"rblxgo132.freecase24.com","Côte d’Ivoire","$0.00","6","$0.00","1","$0.00","0","17","11.76%","0.00%","$0.00","0.00%","2"
"rblxgo132.freecase24.com","Singapore","$0.00","7","$0.00","1","$0.00","0","5","62.50%","0.00%","$0.00","0.00%","2"
"rblxgo132.freecase24.com","Uganda","$0.00","29","$0.00","1","$0.00","0","43","4.35%","0.00%","$0.00","0.00%","2"
"rblxgo132.freecase24.com","Palestine","$0.00","14","$0.00","1","$0.00","0","22","5.00%","0.00%","$0.00","0.00%","1"
"rblxgo132.freecase24.com","Hungary","$0.00","2","$0.00","3","$0.00","0","6","100.00%","0.00%","$0.00","0.00%","6"
"rblxgo132.freecase24.com","Malaysia","$0.00","29","$0.00","1","$0.00","0","26","4.16%","0.00%","$0.00","0.00%","1"
"rblxgo132.freecase24.com","Cyprus","$0.00","3","$0.00","4","$0.00","0","6","100.00%","0.00%","$0.00","0.00%","6"
"rblxgo132.freecase24.com","Algeria","$0.00","10","$0.00","0","$0.00","0","15","7.69%","0.00%","$0.00","0.00%","2"
"rblxgo132.freecase24.com","Solomon Islands","$0.00","5","$0.00","0","$0.00","0","4","0.00%","0.00%","$0.00","0.00%","0"
"rblxgo132.freecase24.com","United Arab Emirates","$0.00","21","$0.00","7","$0.00","0","25","44.48%","0.00%","$0.00","0.00%","10"
"rblxgo132.freecase24.com","Paraguay","$0.00","1","$0.00","0","$0.00","0","0","0.00%","0.00%","$0.00","0.00%","0"
"rblxgo132.freecase24.com","Indonesia","$0.00","71","$0.00","1","$0.00","1","138","0.56%","100.00%","$0.00","1.41%","1"
"rblxgo132.freecase24.com","South Africa","$0.00","22","$0.00","0","$0.00","0","25","35.72%","0.00%","$0.00","0.00%","10"
"rblxgo132.freecase24.com","Mauritania","$0.00","31","$0.00","4","$0.00","1","55","8.18%","25.00%","$0.00","3.23%","5"
"rblxgo132.freecase24.com","Dominican Republic","$0.00","18","$0.00","0","$0.00","0","16","0.00%","0.00%","$0.00","0.00%","0"
"rblxgo132.freecase24.com","Anguilla","$0.00","3","$0.00","1","$0.00","0","4","25.00%","0.00%","$0.00","0.00%","1"
"rblxgo132.freecase24.com","Burundi","$0.00","8","$0.00","0","$0.00","0","8","0.00%","0.00%","$0.00","0.00%","0"
"rblxgo132.freecase24.com","Uruguay","$0.00","18","$0.00","0","$0.00","0","13","0.00%","0.00%","$0.00","0.00%","0"
"rblxgo132.freecase24.com","Philippines","$0.00","227","$0.00","15","$0.00","10","338","5.10%","66.67%","$0.00","4.41%","18"
"rblxgo132.freecase24.com","Israel","$0.00","4","$0.00","0","$0.00","0","3","0.00%","0.00%","$0.00","0.00%","0"
"rblxgo132.freecase24.com","Sudan","$0.00","9","$0.00","0","$0.00","0","9","0.00%","0.00%","$0.00","0.00%","0"
"rblxgo132.freecase24.com","Mexico","$0.00","93","$0.00","3","$0.00","0","97","20.31%","0.00%","$0.00","0.00%","13"
"rblxgo132.freecase24.com","Equatorial Guinea","$0.00","10","$0.00","1","$0.00","3","10","10.00%","300.00%","$0.00","30.00%","1"
"rblxgo132.freecase24.com","Aruba","$0.00","4","$0.00","0","$0.00","0","3","0.00%","0.00%","$0.00","0.00%","0"
"rblxgo132.freecase24.com","Caribbean Netherlands","$0.00","27","$0.00","2","$0.00","0","29","9.42%","0.00%","$0.00","0.00%","2"
"rblxgo132.freecase24.com","Venezuela","$0.00","247","$0.00","9","$0.00","2","507","1.66%","22.22%","$0.00","0.81%","13"
"rblxgo132.freecase24.com","Jamaica","$0.00","8","$0.00","2","$0.00","2","6","50.00%","100.00%","$0.00","25.00%","3"
"rblxgo132.freecase24.com","Syria","$0.00","137","$0.00","2","$0.00","0","281","0.71%","0.00%","$0.00","0.00%","3"
"rblxgo132.freecase24.com","Morocco","$0.00","8","$0.00","1","$0.00","0","8","37.50%","0.00%","$0.00","0.00%","3"
"rblxgo132.freecase24.com","Ethiopia","$0.00","20","$0.00","2","$0.00","0","32","4.54%","0.00%","$0.00","0.00%","2"
"rblxgo132.freecase24.com","Bahamas","$0.00","1","$0.00","0","$0.00","0","1","0.00%","0.00%","$0.00","0.00%","0"
"rblxgo132.freecase24.com","Chad","$0.00","24","$0.00","0","$0.00","0","41","0.00%","0.00%","$0.00","0.00%","0"
"rblxgo132.freecase24.com","Zambia","$0.00","6","$0.00","0","$0.00","0","5","0.00%","0.00%","$0.00","0.00%","0"
"rblxgo132.freecase24.com","Qatar","$0.00","3","$0.00","0","$0.00","0","4","0.00%","0.00%","$0.00","0.00%","0"
"rblxgo132.freecase24.com","Jordan","$0.00","19","$0.00","2","$0.00","0","48","2.38%","0.00%","$0.00","0.00%","2"
"rblxgo132.freecase24.com","Thailand","$0.00","19","$0.00","1","$0.00","2","28","2.50%","200.00%","$0.00","10.53%","1"
"rblxgo132.freecase24.com","Nepal","$0.00","109","$0.00","1","$0.00","1","228","0.59%","100.00%","$0.00","0.92%","2"
"rblxgo132.freecase24.com","Gabon","$0.00","2","$0.00","0","$0.00","0","1","0.00%","0.00%","$0.00","0.00%","0"
"rblxgo132.freecase24.com","Barbados","$0.00","2","$0.00","1","$0.00","0","2","50.00%","0.00%","$0.00","0.00%","1"
"rblxgo132.freecase24.com","Colombia","$0.00","66","$0.00","6","$0.00","0","63","23.33%","0.00%","$0.00","0.00%","9"
"rblxgo132.freecase24.com","Samoa","$0.00","1","$0.00","1","$0.00","0","1","100.00%","0.00%","$0.00","0.00%","1"
"rblxgo132.freecase24.com","Kenya","$0.00","60","$0.00","6","$0.00","0","92","6.90%","0.00%","$0.00","0.00%","8"
"rblxgo132.freecase24.com","The Gambia","$0.00","13","$0.00","0","$0.00","0","13","0.00%","0.00%","$0.00","0.00%","0"
"rblxgo132.freecase24.com","New Caledonia","$0.00","6","$0.00","3","$0.00","0","6","50.00%","0.00%","$0.00","0.00%","3"
"rblxgo132.freecase24.com","Benin","$0.00","2","$0.00","1","$0.00","0","7","14.29%","0.00%","$0.00","0.00%","1"
"rblxgo132.freecase24.com","Laos","$0.00","2","$0.00","0","$0.00","0","1","0.00%","0.00%","$0.00","0.00%","0"
"rblxgo132.freecase24.com","Cook Islands","$0.00","5","$0.00","0","$0.00","0","8","0.00%","0.00%","$0.00","0.00%","0"
"rblxgo132.freecase24.com","Sao Tome and Principe","$0.00","8","$0.00","0","$0.00","0","8","0.00%","0.00%","$0.00","0.00%","0"